{
    "settings": [],
    "rules": {
        "title": {
            "label": "Title",
            "type": "quickEditor",
            "show": "yes",
            "default": "ABOUT US"
        },
        "description": {
            "label": "Content Description",
            "type": "simpleEditor",
            "show": "yes",
            "default": "Lorem ipsum dolor sit amet consectetur adipisicing elit. Rem, a mollitia tempore nam quibusdam repudiandae distinctio accusamus facere hic sint incidunt nesciunt nobis praesentium expedita minus at laboriosam blanditiis esse."
        },
        "media": {
            "label": "Media",
            "type": "singlefile",
            "show": "yes",
            "default": "im17.jpg"
        },
        "button": {
            "label": "Action Button",
            "type": "hrefbutton",
            "show": "no",
            "default": [
                "Learn more"
            ]
        }
    }
}