{
    "settings": [],
    "rules": {
        "title": {
            "label": "Title",
            "type": "quickEditor",
            "show": "yes",
            "default": "Get In Touch With Us"
        },
        "description": {
            "label": "Content Description",
            "type": "simpleEditor",
            "show": "yes",
            "default": "We would like to you to contact us for further information & to find a cargo solution to suit you. Please contact us below"
        },
        "media": {
            "label": "Media",
            "type": "singlefile",
            "show": "yes",
            "default": "im5.jpg"
        },
        "social": {
            "label": "Social",
            "type": "socialicon",
            "show": "yes"
        },
        "form": {
            "label": "Contact Form",
            "type": "siteform",
            "show": "yes"
        },
        "phone": {
            "label": "Contact Number",
            "type": "number",
            "show": "yes",
            "default": "+11-1234567890",
            "system_val": "{{site.phone}}"
        },
        "email": {
            "label": "Mail",
            "type": "email",
            "show": "yes",
            "default": "contact@abcz.com",
            "system_val": "{{site.email}}"
        },
        "address": {
            "label": "Address",
            "type": "text",
            "show": "yes",
            "default": "Sco 19 Iind Floor, Sector 7 C, Sector 7 C",
            "system_val": "{{site.address}}"
        },
        "map": {
            "show": "yes",
            "type": "location",
            "label": "Embedd Map",
            "default": "https:\/\/www.google.com\/maps\/embed?pb=!1m18!1m12!1m3!1d224345.8392304288!2d77.06889692223507!3d28.52758200688075!2m3!1f0!2f0!3f0!3m2!1i1024!2i768!4f13.1!3m3!1m2!1s0x390cfd5b347eb62d%3A0x52c2b7494e204dce!2sNew%20Delhi%2C%20Delhi!5e0!3m2!1sen!2sin!4v1679046218417!5m2!1sen!2sin"
        }
    }
}