{
    "settings": [],
    "rules": {
        "title": {
            "label": "Title",
            "type": "quickEditor",
            "show": "yes",
            "default": "Get in Touch"
        },
        "description": {
            "label": "Content Description",
            "type": "simpleEditor",
            "show": "yes",
            "default": "Lorem ipsum dolor sit amet consectetur"
        },
        "media": {
            "label": "Media",
            "type": "singlefile",
            "show": "yes",
            "default": "img4.jpg"
        },
        "form": {
            "label": "Contact Form",
            "type": "siteform",
            "show": "yes"
        }
    }
}