{
    "settings": [],
    "rules": {
        "title": {
            "label": "Title",
            "type": "quickEditor",
            "show": "yes",
            "default": "Our Gallery"
        },
        "subtitle": {
            "label": "Subtitle",
            "type": "quickEditor",
            "show": "yes",
            "default": "When your work defines you best it can"
        },
        "gallery": {
            "label": "Gallery",
            "type": "sitegallery",
            "show": "yes"
        }
    }
}