{
    "settings": [],
    "rules": {
        "title": {
            "label": "Title",
            "type": "quickEditor",
            "show": "yes",
            "default": "Want to know more?"
        },
        "description": {
            "label": "Content Description",
            "type": "simpleEditor",
            "show": "yes",
            "default": "Behind each incredible organization, is a genuine story. Who are we? For what reason did we fabricate."
        },
        "media": {
            "label": "Media",
            "type": "singlefile",
            "show": "yes",
            "default": "img1.jpg"
        },
        "button": {
            "label": "Action Button",
            "type": "hrefbutton",
            "show": "yes",
            "default": [
                "Button"
            ]
        }
    }
}